product_id,product_title,rating,total_reviews,price,top_reviews
itmb07d67f995271,"Apple iPhone 16 (Black, 128 GB)",4.6,793,"‚Çπ74,900","5 Great product Loved it READ MORE Aryan Kumar Certified Buyer , Ranchi 5 months ago 69 8 Permalink Report Abuse || 5 Mind-blowing purchase Super and cool photo READ MORE Flipkart Customer Certified Buyer , Uttara Kannada District 6 months ago 528 109 Permalink Report Abuse || 5 Super! Satisfied READ MORE Amit Kumar Chaudhary Certified Buyer , Patna 4 months ago 306 60 Permalink Report Abuse || 5 Mind-blowing purchase I love it ‚ù§Ô∏è‚ù§Ô∏è READ MORE Ravi Arya Certified Buyer , Gangoh 7 months ago 234 67 Permalink Report Abuse || 5 Brilliant Doing good as of now! READ MORE Disha Singh Certified Buyer , Agartala 4 months ago 150 41 Permalink Report Abuse || 5 Great product My father's first iphone‚ù§Ô∏è Colour is awesome and so light in weight It should be available with 256gb Anyways design and camera is awesome READ MORE Arpit Singh Certified Buyer , Lakhimpur 11 months ago 1505 568 Permalink Report Abuse"
itmcc210cae43fba,"Apple iPhone 16 (Ultramarine, 128 GB)",4.6,793,"‚Çπ74,900","5 Great product Loved it READ MORE Aryan Kumar Certified Buyer , Ranchi 5 months ago 69 8 Permalink Report Abuse || 5 Mind-blowing purchase Super and cool photo READ MORE Flipkart Customer Certified Buyer , Uttara Kannada District 6 months ago 528 109 Permalink Report Abuse || 5 Super! Satisfied READ MORE Amit Kumar Chaudhary Certified Buyer , Patna 4 months ago 306 60 Permalink Report Abuse || 5 Mind-blowing purchase I love it ‚ù§Ô∏è‚ù§Ô∏è READ MORE Ravi Arya Certified Buyer , Gangoh 7 months ago 234 67 Permalink Report Abuse || 5 Brilliant Doing good as of now! READ MORE Disha Singh Certified Buyer , Agartala 4 months ago 150 41 Permalink Report Abuse || 5 Great product My father's first iphone‚ù§Ô∏è Colour is awesome and so light in weight It should be available with 256gb Anyways design and camera is awesome READ MORE Arpit Singh Certified Buyer , Lakhimpur 11 months ago 1505 568 Permalink Report Abuse"
itm7c0281cd247be,"Apple iPhone 16 (White, 128 GB)",4.6,793,"‚Çπ74,900","5 Great product Loved it READ MORE Aryan Kumar Certified Buyer , Ranchi 5 months ago 69 8 Permalink Report Abuse || 5 Mind-blowing purchase Super and cool photo READ MORE Flipkart Customer Certified Buyer , Uttara Kannada District 6 months ago 528 109 Permalink Report Abuse || 5 Super! Satisfied READ MORE Amit Kumar Chaudhary Certified Buyer , Patna 4 months ago 306 60 Permalink Report Abuse || 5 Mind-blowing purchase I love it ‚ù§Ô∏è‚ù§Ô∏è READ MORE Ravi Arya Certified Buyer , Gangoh 7 months ago 234 67 Permalink Report Abuse || 5 Brilliant Doing good as of now! READ MORE Disha Singh Certified Buyer , Agartala 4 months ago 150 41 Permalink Report Abuse || 5 Great product My father's first iphone‚ù§Ô∏è Colour is awesome and so light in weight It should be available with 256gb Anyways design and camera is awesome READ MORE Arpit Singh Certified Buyer , Lakhimpur 11 months ago 1505 568 Permalink Report Abuse"
itm2b7be11cfadef,"Apple iPhone 16 (Teal, 256 GB)",4.6,793,"‚Çπ84,900","5 Great product Loved it READ MORE Aryan Kumar Certified Buyer , Ranchi 5 months ago 69 8 Permalink Report Abuse || 5 Mind-blowing purchase Super and cool photo READ MORE Flipkart Customer Certified Buyer , Uttara Kannada District 6 months ago 528 109 Permalink Report Abuse || 5 Super! Satisfied READ MORE Amit Kumar Chaudhary Certified Buyer , Patna 4 months ago 306 60 Permalink Report Abuse || 5 Mind-blowing purchase I love it ‚ù§Ô∏è‚ù§Ô∏è READ MORE Ravi Arya Certified Buyer , Gangoh 7 months ago 234 67 Permalink Report Abuse || 5 Brilliant Doing good as of now! READ MORE Disha Singh Certified Buyer , Agartala 4 months ago 150 41 Permalink Report Abuse || 5 Great product My father's first iphone‚ù§Ô∏è Colour is awesome and so light in weight It should be available with 256gb Anyways design and camera is awesome READ MORE Arpit Singh Certified Buyer , Lakhimpur 11 months ago 1505 568 Permalink Report Abuse"
itmc2e910b4d0b1c,"Apple iPhone 16 (Pink, 128 GB)",4.6,793,"‚Çπ74,900","5 Great product Loved it READ MORE Aryan Kumar Certified Buyer , Ranchi 5 months ago 69 8 Permalink Report Abuse || 5 Mind-blowing purchase Super and cool photo READ MORE Flipkart Customer Certified Buyer , Uttara Kannada District 6 months ago 528 109 Permalink Report Abuse || 5 Super! Satisfied READ MORE Amit Kumar Chaudhary Certified Buyer , Patna 4 months ago 306 60 Permalink Report Abuse || 5 Mind-blowing purchase I love it ‚ù§Ô∏è‚ù§Ô∏è READ MORE Ravi Arya Certified Buyer , Gangoh 7 months ago 234 67 Permalink Report Abuse || 5 Brilliant Doing good as of now! READ MORE Disha Singh Certified Buyer , Agartala 4 months ago 150 41 Permalink Report Abuse || 5 Great product My father's first iphone‚ù§Ô∏è Colour is awesome and so light in weight It should be available with 256gb Anyways design and camera is awesome READ MORE Arpit Singh Certified Buyer , Lakhimpur 11 months ago 1505 568 Permalink Report Abuse"
itm6ac6485515ae4,"Apple iPhone 15 (Black, 128 GB)",4.6,"9,414","‚Çπ64,900","5 Fabulous! Awesome üòé READ MORE Thakur Surya Pratap Singh Certified Buyer , Hanumana 7 months ago 848 190 Permalink Report Abuse || 5 Worth every penny Just go for it.Amazing one.Beautiful camera with super fast processor READ MORE bijaya mohanty Certified Buyer , Baleshwar May, 2024 4410 1087 Permalink Report Abuse || 5 Excellent Awesome product very happy to hold this. Better In hand feel,matte finish. Good camera, Brighter screen with Dynamic Island, USB-C, great battery life. 60Hz display is a dealbreaker for some.Its not much noticeable. Thank u Flipkart for the best deal and quick delivery. READ MORE Arunji Govindaraju Certified Buyer , Chennai Feb, 2024 703 157 Permalink Report Abuse || 5 Awesome Switch from OnePlus to iPhone I am stunned with camera performance. Everything is perfect on  iPhone 15. READ MORE Nikhil Kumar Certified Buyer , Meerut Division Jan, 2024 1921 462 Permalink Report Abuse || 5 Fabulous! So beautiful, so elegant, just a vowwwüòç‚ù§Ô∏è READ MORE Akshay Meena Certified Buyer , Jaipur Nov, 2023 953 221 Permalink Report Abuse || 5 Worth every penny Awesome photography experience. Battery backup is good . Display is much better than 14 version. READ MORE Flipkart Customer Certified Buyer , Aizawl Jan, 2024 1483 355 Permalink Report Abuse"
itmbf14ef54f645d,"Apple iPhone 15 (Blue, 128 GB)",4.6,"9,414","‚Çπ64,900","5 Fabulous! Awesome üòé READ MORE Thakur Surya Pratap Singh Certified Buyer , Hanumana 7 months ago 848 190 Permalink Report Abuse || 5 Worth every penny Just go for it.Amazing one.Beautiful camera with super fast processor READ MORE bijaya mohanty Certified Buyer , Baleshwar May, 2024 4410 1087 Permalink Report Abuse || 5 Excellent Awesome product very happy to hold this. Better In hand feel,matte finish. Good camera, Brighter screen with Dynamic Island, USB-C, great battery life. 60Hz display is a dealbreaker for some.Its not much noticeable. Thank u Flipkart for the best deal and quick delivery. READ MORE Arunji Govindaraju Certified Buyer , Chennai Feb, 2024 703 157 Permalink Report Abuse || 5 Awesome Switch from OnePlus to iPhone I am stunned with camera performance. Everything is perfect on  iPhone 15. READ MORE Nikhil Kumar Certified Buyer , Meerut Division Jan, 2024 1921 462 Permalink Report Abuse || 5 Fabulous! So beautiful, so elegant, just a vowwwüòç‚ù§Ô∏è READ MORE Akshay Meena Certified Buyer , Jaipur Nov, 2023 953 221 Permalink Report Abuse || 5 Worth every penny Awesome photography experience. Battery backup is good . Display is much better than 14 version. READ MORE Flipkart Customer Certified Buyer , Aizawl Jan, 2024 1483 355 Permalink Report Abuse"
itm7579ed94ca647,"Apple iPhone 15 (Pink, 128 GB)",4.6,"9,414","‚Çπ64,900","5 Fabulous! Awesome üòé READ MORE Thakur Surya Pratap Singh Certified Buyer , Hanumana 7 months ago 848 190 Permalink Report Abuse || 5 Worth every penny Just go for it.Amazing one.Beautiful camera with super fast processor READ MORE bijaya mohanty Certified Buyer , Baleshwar May, 2024 4410 1087 Permalink Report Abuse || 5 Excellent Awesome product very happy to hold this. Better In hand feel,matte finish. Good camera, Brighter screen with Dynamic Island, USB-C, great battery life. 60Hz display is a dealbreaker for some.Its not much noticeable. Thank u Flipkart for the best deal and quick delivery. READ MORE Arunji Govindaraju Certified Buyer , Chennai Feb, 2024 703 157 Permalink Report Abuse || 5 Awesome Switch from OnePlus to iPhone I am stunned with camera performance. Everything is perfect on  iPhone 15. READ MORE Nikhil Kumar Certified Buyer , Meerut Division Jan, 2024 1921 462 Permalink Report Abuse || 5 Fabulous! So beautiful, so elegant, just a vowwwüòç‚ù§Ô∏è READ MORE Akshay Meena Certified Buyer , Jaipur Nov, 2023 953 221 Permalink Report Abuse || 5 Worth every penny Awesome photography experience. Battery backup is good . Display is much better than 14 version. READ MORE Flipkart Customer Certified Buyer , Aizawl Jan, 2024 1483 355 Permalink Report Abuse"
itm235cd318bde73,"Apple iPhone 15 (Green, 128 GB)",4.6,"9,414","‚Çπ64,900","5 Fabulous! Awesome üòé READ MORE Thakur Surya Pratap Singh Certified Buyer , Hanumana 7 months ago 848 190 Permalink Report Abuse || 5 Worth every penny Just go for it.Amazing one.Beautiful camera with super fast processor READ MORE bijaya mohanty Certified Buyer , Baleshwar May, 2024 4410 1087 Permalink Report Abuse || 5 Excellent Awesome product very happy to hold this. Better In hand feel,matte finish. Good camera, Brighter screen with Dynamic Island, USB-C, great battery life. 60Hz display is a dealbreaker for some.Its not much noticeable. Thank u Flipkart for the best deal and quick delivery. READ MORE Arunji Govindaraju Certified Buyer , Chennai Feb, 2024 703 157 Permalink Report Abuse || 5 Awesome Switch from OnePlus to iPhone I am stunned with camera performance. Everything is perfect on  iPhone 15. READ MORE Nikhil Kumar Certified Buyer , Meerut Division Jan, 2024 1921 462 Permalink Report Abuse || 5 Fabulous! So beautiful, so elegant, just a vowwwüòç‚ù§Ô∏è READ MORE Akshay Meena Certified Buyer , Jaipur Nov, 2023 953 221 Permalink Report Abuse || 5 Worth every penny Awesome photography experience. Battery backup is good . Display is much better than 14 version. READ MORE Flipkart Customer Certified Buyer , Aizawl Jan, 2024 1483 355 Permalink Report Abuse"
itm986f66c53cae4,"Apple iPhone 15 (Blue, 256 GB)",4.6,"9,414","‚Çπ74,900","5 Fabulous! Awesome üòé READ MORE Thakur Surya Pratap Singh Certified Buyer , Hanumana 7 months ago 848 190 Permalink Report Abuse || 5 Worth every penny Just go for it.Amazing one.Beautiful camera with super fast processor READ MORE bijaya mohanty Certified Buyer , Baleshwar May, 2024 4410 1087 Permalink Report Abuse || 5 Excellent Awesome product very happy to hold this. Better In hand feel,matte finish. Good camera, Brighter screen with Dynamic Island, USB-C, great battery life. 60Hz display is a dealbreaker for some.Its not much noticeable. Thank u Flipkart for the best deal and quick delivery. READ MORE Arunji Govindaraju Certified Buyer , Chennai Feb, 2024 703 157 Permalink Report Abuse || 5 Awesome Switch from OnePlus to iPhone I am stunned with camera performance. Everything is perfect on  iPhone 15. READ MORE Nikhil Kumar Certified Buyer , Meerut Division Jan, 2024 1921 462 Permalink Report Abuse || 5 Fabulous! So beautiful, so elegant, just a vowwwüòç‚ù§Ô∏è READ MORE Akshay Meena Certified Buyer , Jaipur Nov, 2023 953 221 Permalink Report Abuse || 5 Worth every penny Awesome photography experience. Battery backup is good . Display is much better than 14 version. READ MORE Flipkart Customer Certified Buyer , Aizawl Jan, 2024 1483 355 Permalink Report Abuse"
